<?xml version="1.0" encoding="utf-8"?>
<unattend xmlns="urn:schemas-microsoft-com:unattend" xmlns:wcm="http://schemas.microsoft.com/WMIConfig/2002/State">
	<!--https://schneegans.de/windows/unattend-generator/?LanguageMode=Unattended&UILanguage=en-US&Locale=en-US&Keyboard=00000409&GeoLocation=113&ProcessorArchitecture=amd64&BypassRequirementsCheck=true&BypassNetworkCheck=true&HidePowerShellWindows=true&ComputerNameMode=Random&CompactOsMode=Default&TimeZoneMode=Explicit&TimeZone=India+Standard+Time&PartitionMode=Interactive&DiskAssertionMode=Skip&WindowsEditionMode=Interactive&InstallFromMode=Automatic&PEMode=Default&UserAccountMode=InteractiveLocal&PasswordExpirationMode=Unlimited&LockoutMode=Default&HideFiles=Hidden&LaunchToThisPC=true&ShowEndTask=true&TaskbarSearch=Icon&TaskbarIconsMode=Default&DisableWidgets=true&HideTaskViewButton=true&DisableBingResults=true&StartTilesMode=Empty&StartPinsMode=Empty&DisableUac=true&EnableLongPaths=true&PreventAutomaticReboot=true&DisableAppSuggestions=true&PreventDeviceEncryption=true&HideEdgeFre=true&DisableEdgeStartupBoost=true&DeleteWindowsOld=true&EffectsMode=Default&DesktopIconsMode=Custom&StartFoldersMode=Custom&StartFolderPersonalFolder=true&StartFolderSettings=true&WifiMode=Skip&ExpressSettings=DisableAll&LockKeysMode=Skip&StickyKeysMode=Disabled&ColorMode=Custom&SystemColorTheme=Dark&AppsColorTheme=Dark&AccentColor=%230078d4&EnableTransparency=true&WallpaperMode=Default&LockScreenMode=Default&Remove3DViewer=true&RemoveBingSearch=true&RemoveCamera=true&RemoveClipchamp=true&RemoveClock=true&RemoveCopilot=true&RemoveCortana=true&RemoveDevHome=true&RemoveFamily=true&RemoveFeedbackHub=true&RemoveGameAssist=true&RemoveGetHelp=true&RemoveHandwriting=true&RemoveInternetExplorer=true&RemoveMailCalendar=true&RemoveMaps=true&RemoveMathInputPanel=true&RemoveMediaFeatures=true&RemoveMixedReality=true&RemoveZuneVideo=true&RemoveNews=true&RemoveOffice365=true&RemoveOneDrive=true&RemoveOneNote=true&RemoveOneSync=true&RemoveOpenSSHClient=true&RemoveOutlook=true&RemovePaint=true&RemovePaint3D=true&RemovePeople=true&RemovePhotos=true&RemovePowerAutomate=true&RemovePowerShell2=true&RemovePowerShellISE=true&RemoveQuickAssist=true&RemoveRecall=true&RemoveRdpClient=true&RemoveSkype=true&RemoveSolitaire=true&RemoveSpeech=true&RemoveStepsRecorder=true&RemoveTeams=true&RemoveGetStarted=true&RemoveToDo=true&RemoveVoiceRecorder=true&RemoveWallet=true&RemoveWeather=true&RemoveFaxAndScan=true&RemoveWindowsHello=true&RemoveWindowsMediaPlayer=true&RemoveZuneMusic=true&RemoveWordPad=true&RemoveXboxApps=true&RemoveYourPhone=true&FirstLogonScript0=%5BHKEY_LOCAL_MACHINE%5CSOFTWARE%5CMicrosoft%5CWindows%5CCurrentVersion%5CShell+Extensions%5CBlocked%5D%0D%0A%22%7B9F156763-7844-4DC4-B2B1-901F640F5155%7D%22%3D%22%22%0D%0A%0D%0A%5B-HKEY_LOCAL_MACHINE%5CSOFTWARE%5CMicrosoft%5CWindows%5CCurrentVersion%5CExplorer%5CMyComputer%5CNameSpace%5C%7B0DB7E03F-FC29-4DC6-9020-FF41B59E513A%7D%5D%0D%0A%0D%0A%5B-HKEY_LOCAL_MACHINE%5CSOFTWARE%5CWow6432Node%5CMicrosoft%5CWindows%5CCurrentVersion%5CExplorer%5CMyComputer%5CNameSpace%5C%7B0DB7E03F-FC29-4DC6-9020-FF41B59E513A%7D%5D%0D%0A%0D%0A%5BHKEY_LOCAL_MACHINE%5CSOFTWARE%5CMicrosoft%5CWindows%5CCurrentVersion%5CPolicies%5CSystem%5D%0D%0A%22VerboseStatus%22%3Ddword%3A00000001%0D%0A%0D%0A%5BHKEY_LOCAL_MACHINE%5CSOFTWARE%5CPolicies%5CMicrosoft%5CEdge%5D%0D%0A%22DefaultShareAdditionalOSRegionSetting%22%3Ddword%3A00000002%0D%0A%0D%0A%0D%0A%5BHKEY_CURRENT_USER%5CControl+Panel%5CDesktop%5D%0D%0A%22MenuShowDelay%22%3D%22100%22%0D%0A%0D%0A&FirstLogonScriptType0=Reg&WdacMode=Skip-->
	<settings pass="offlineServicing"></settings>
	<settings pass="windowsPE">
		<component name="Microsoft-Windows-International-Core-WinPE" processorArchitecture="amd64" publicKeyToken="31bf3856ad364e35" language="neutral" versionScope="nonSxS">
			<SetupUILanguage>
				<UILanguage>en-US</UILanguage>
			</SetupUILanguage>
			<InputLocale>0409:00000409</InputLocale>
			<SystemLocale>en-US</SystemLocale>
			<UILanguage>en-US</UILanguage>
			<UserLocale>en-US</UserLocale>
		</component>
		<component name="Microsoft-Windows-Setup" processorArchitecture="amd64" publicKeyToken="31bf3856ad364e35" language="neutral" versionScope="nonSxS">
			<UserData>
				<ProductKey>
					<Key>00000-00000-00000-00000-00000</Key>
					<WillShowUI>Always</WillShowUI>
				</ProductKey>
				<AcceptEula>true</AcceptEula>
			</UserData>
			<UseConfigurationSet>false</UseConfigurationSet>
			<RunSynchronous>
				<RunSynchronousCommand wcm:action="add">
					<Order>1</Order>
					<Path>reg.exe add "HKLM\SYSTEM\Setup\LabConfig" /v BypassTPMCheck /t REG_DWORD /d 1 /f</Path>
				</RunSynchronousCommand>
				<RunSynchronousCommand wcm:action="add">
					<Order>2</Order>
					<Path>reg.exe add "HKLM\SYSTEM\Setup\LabConfig" /v BypassSecureBootCheck /t REG_DWORD /d 1 /f</Path>
				</RunSynchronousCommand>
				<RunSynchronousCommand wcm:action="add">
					<Order>3</Order>
					<Path>reg.exe add "HKLM\SYSTEM\Setup\LabConfig" /v BypassRAMCheck /t REG_DWORD /d 1 /f</Path>
				</RunSynchronousCommand>
			</RunSynchronous>
		</component>
	</settings>
	<settings pass="generalize"></settings>
	<settings pass="specialize">
		<component name="Microsoft-Windows-Deployment" processorArchitecture="amd64" publicKeyToken="31bf3856ad364e35" language="neutral" versionScope="nonSxS">
			<RunSynchronous>
				<RunSynchronousCommand wcm:action="add">
					<Order>1</Order>
					<Path>powershell.exe -WindowStyle Hidden -NoProfile -Command "$xml = [xml]::new(); $xml.Load('C:\Windows\Panther\unattend.xml'); $sb = [scriptblock]::Create( $xml.unattend.Extensions.ExtractScript ); Invoke-Command -ScriptBlock $sb -ArgumentList $xml;"</Path>
				</RunSynchronousCommand>
				<RunSynchronousCommand wcm:action="add">
					<Order>2</Order>
					<Path>powershell.exe -WindowStyle Hidden -NoProfile -Command "Get-Content -LiteralPath 'C:\Windows\Setup\Scripts\Specialize.ps1' -Raw | Invoke-Expression;"</Path>
				</RunSynchronousCommand>
				<RunSynchronousCommand wcm:action="add">
					<Order>3</Order>
					<Path>reg.exe load "HKU\DefaultUser" "C:\Users\Default\NTUSER.DAT"</Path>
				</RunSynchronousCommand>
				<RunSynchronousCommand wcm:action="add">
					<Order>4</Order>
					<Path>powershell.exe -WindowStyle Hidden -NoProfile -Command "Get-Content -LiteralPath 'C:\Windows\Setup\Scripts\DefaultUser.ps1' -Raw | Invoke-Expression;"</Path>
				</RunSynchronousCommand>
				<RunSynchronousCommand wcm:action="add">
					<Order>5</Order>
					<Path>reg.exe unload "HKU\DefaultUser"</Path>
				</RunSynchronousCommand>
			</RunSynchronous>
		</component>
		<component name="Microsoft-Windows-Shell-Setup" processorArchitecture="amd64" publicKeyToken="31bf3856ad364e35" language="neutral" versionScope="nonSxS">
			<TimeZone>India Standard Time</TimeZone>
		</component>
	</settings>
	<settings pass="auditSystem"></settings>
	<settings pass="auditUser"></settings>
	<settings pass="oobeSystem">
		<component name="Microsoft-Windows-International-Core" processorArchitecture="amd64" publicKeyToken="31bf3856ad364e35" language="neutral" versionScope="nonSxS">
			<InputLocale>0409:00000409</InputLocale>
			<SystemLocale>en-US</SystemLocale>
			<UILanguage>en-US</UILanguage>
			<UserLocale>en-US</UserLocale>
		</component>
		<component name="Microsoft-Windows-Shell-Setup" processorArchitecture="amd64" publicKeyToken="31bf3856ad364e35" language="neutral" versionScope="nonSxS">
			<OOBE>
				<ProtectYourPC>3</ProtectYourPC>
				<HideEULAPage>true</HideEULAPage>
				<HideWirelessSetupInOOBE>true</HideWirelessSetupInOOBE>
				<HideOnlineAccountScreens>true</HideOnlineAccountScreens>
			</OOBE>
			<FirstLogonCommands>
				<SynchronousCommand wcm:action="add">
					<Order>1</Order>
					<CommandLine>powershell.exe -WindowStyle Hidden -NoProfile -Command "Get-Content -LiteralPath 'C:\Windows\Setup\Scripts\FirstLogon.ps1' -Raw | Invoke-Expression;"</CommandLine>
				</SynchronousCommand>
			</FirstLogonCommands>
		</component>
	</settings>
	<Extensions xmlns="https://schneegans.de/windows/unattend-generator/">
		<ExtractScript>
param(
    [xml] $Document
);

foreach( $file in $Document.unattend.Extensions.File ) {
    $path = [System.Environment]::ExpandEnvironmentVariables( $file.GetAttribute( 'path' ) );
    mkdir -Path( $path | Split-Path -Parent ) -ErrorAction 'SilentlyContinue';
    $encoding = switch( [System.IO.Path]::GetExtension( $path ) ) {
        { $_ -in '.ps1', '.xml' } { [System.Text.Encoding]::UTF8; }
        { $_ -in '.reg', '.vbs', '.js' } { [System.Text.UnicodeEncoding]::new( $false, $true ); }
        default { [System.Text.Encoding]::Default; }
    };
    $bytes = $encoding.GetPreamble() + $encoding.GetBytes( $file.InnerText.Trim() );
    [System.IO.File]::WriteAllBytes( $path, $bytes );
}
		</ExtractScript>
		<File path="C:\Windows\Setup\Scripts\RemovePackages.ps1">
$selectors = @(
	'Microsoft.Microsoft3DViewer';
	'Microsoft.BingSearch';
	'Microsoft.WindowsCamera';
	'Clipchamp.Clipchamp';
	'Microsoft.WindowsAlarms';
	'Microsoft.549981C3F5F10';
	'Microsoft.Windows.DevHome';
	'MicrosoftCorporationII.MicrosoftFamily';
	'Microsoft.WindowsFeedbackHub';
	'Microsoft.Edge.GameAssist';
	'Microsoft.GetHelp';
	'Microsoft.Getstarted';
	'microsoft.windowscommunicationsapps';
	'Microsoft.WindowsMaps';
	'Microsoft.MixedReality.Portal';
	'Microsoft.BingNews';
	'Microsoft.MicrosoftOfficeHub';
	'Microsoft.Office.OneNote';
	'Microsoft.OutlookForWindows';
	'Microsoft.Paint';
	'Microsoft.MSPaint';
	'Microsoft.People';
	'Microsoft.Windows.Photos';
	'Microsoft.PowerAutomateDesktop';
	'MicrosoftCorporationII.QuickAssist';
	'Microsoft.SkypeApp';
	'Microsoft.MicrosoftSolitaireCollection';
	'MicrosoftTeams';
	'MSTeams';
	'Microsoft.Todos';
	'Microsoft.WindowsSoundRecorder';
	'Microsoft.Wallet';
	'Microsoft.BingWeather';
	'Microsoft.Xbox.TCUI';
	'Microsoft.XboxApp';
	'Microsoft.XboxGameOverlay';
	'Microsoft.XboxGamingOverlay';
	'Microsoft.XboxIdentityProvider';
	'Microsoft.XboxSpeechToTextOverlay';
	'Microsoft.GamingApp';
	'Microsoft.YourPhone';
	'Microsoft.ZuneMusic';
	'Microsoft.ZuneVideo';
);
$getCommand = {
  Get-AppxProvisionedPackage -Online;
};
$filterCommand = {
  $_.DisplayName -eq $selector;
};
$removeCommand = {
  [CmdletBinding()]
  param(
    [Parameter( Mandatory, ValueFromPipeline )]
    $InputObject
  );
  process {
    $InputObject | Remove-AppxProvisionedPackage -AllUsers -Online -ErrorAction 'Continue';
  }
};
$type = 'Package';
$logfile = 'C:\Windows\Setup\Scripts\RemovePackages.log';
&amp; {
	$installed = &amp; $getCommand;
	foreach( $selector in $selectors ) {
		$result = [ordered] @{
			Selector = $selector;
		};
		$found = $installed | Where-Object -FilterScript $filterCommand;
		if( $found ) {
			$result.Output = $found | &amp; $removeCommand;
			if( $? ) {
				$result.Message = "$type removed.";
			} else {
				$result.Message = "$type not removed.";
				$result.Error = $Error[0];
			}
		} else {
			$result.Message = "$type not installed.";
		}
		$result | ConvertTo-Json -Depth 3 -Compress;
	}
} *&gt;&amp;1 &gt;&gt; $logfile;
		</File>
		<File path="C:\Windows\Setup\Scripts\RemoveCapabilities.ps1">
$selectors = @(
	'Print.Fax.Scan';
	'Language.Handwriting';
	'Browser.InternetExplorer';
	'MathRecognizer';
	'OneCoreUAP.OneSync';
	'OpenSSH.Client';
	'Microsoft.Windows.MSPaint';
	'Microsoft.Windows.PowerShell.ISE';
	'App.Support.QuickAssist';
	'Language.Speech';
	'Language.TextToSpeech';
	'App.StepsRecorder';
	'Hello.Face.18967';
	'Hello.Face.Migration.18967';
	'Hello.Face.20134';
	'Media.WindowsMediaPlayer';
	'Microsoft.Windows.WordPad';
);
$getCommand = {
  Get-WindowsCapability -Online | Where-Object -Property 'State' -NotIn -Value @(
    'NotPresent';
    'Removed';
  );
};
$filterCommand = {
  ($_.Name -split '~')[0] -eq $selector;
};
$removeCommand = {
  [CmdletBinding()]
  param(
    [Parameter( Mandatory, ValueFromPipeline )]
    $InputObject
  );
  process {
    $InputObject | Remove-WindowsCapability -Online -ErrorAction 'Continue';
  }
};
$type = 'Capability';
$logfile = 'C:\Windows\Setup\Scripts\RemoveCapabilities.log';
&amp; {
	$installed = &amp; $getCommand;
	foreach( $selector in $selectors ) {
		$result = [ordered] @{
			Selector = $selector;
		};
		$found = $installed | Where-Object -FilterScript $filterCommand;
		if( $found ) {
			$result.Output = $found | &amp; $removeCommand;
			if( $? ) {
				$result.Message = "$type removed.";
			} else {
				$result.Message = "$type not removed.";
				$result.Error = $Error[0];
			}
		} else {
			$result.Message = "$type not installed.";
		}
		$result | ConvertTo-Json -Depth 3 -Compress;
	}
} *&gt;&amp;1 &gt;&gt; $logfile;
		</File>
		<File path="C:\Windows\Setup\Scripts\RemoveFeatures.ps1">
$selectors = @(
	'MediaPlayback';
	'MicrosoftWindowsPowerShellV2Root';
	'Microsoft-RemoteDesktopConnection';
	'Recall';
);
$getCommand = {
  Get-WindowsOptionalFeature -Online | Where-Object -Property 'State' -NotIn -Value @(
    'Disabled';
    'DisabledWithPayloadRemoved';
  );
};
$filterCommand = {
  $_.FeatureName -eq $selector;
};
$removeCommand = {
  [CmdletBinding()]
  param(
    [Parameter( Mandatory, ValueFromPipeline )]
    $InputObject
  );
  process {
    $InputObject | Disable-WindowsOptionalFeature -Online -Remove -NoRestart -ErrorAction 'Continue';
  }
};
$type = 'Feature';
$logfile = 'C:\Windows\Setup\Scripts\RemoveFeatures.log';
&amp; {
	$installed = &amp; $getCommand;
	foreach( $selector in $selectors ) {
		$result = [ordered] @{
			Selector = $selector;
		};
		$found = $installed | Where-Object -FilterScript $filterCommand;
		if( $found ) {
			$result.Output = $found | &amp; $removeCommand;
			if( $? ) {
				$result.Message = "$type removed.";
			} else {
				$result.Message = "$type not removed.";
				$result.Error = $Error[0];
			}
		} else {
			$result.Message = "$type not installed.";
		}
		$result | ConvertTo-Json -Depth 3 -Compress;
	}
} *&gt;&amp;1 &gt;&gt; $logfile;
		</File>
		<File path="C:\Windows\Setup\Scripts\MoveActiveHours.vbs">
HKLM = &amp;H80000002
key = "SOFTWARE\Microsoft\WindowsUpdate\UX\Settings"
Set reg = GetObject("winmgmts://./root/default:StdRegProv")
current = Hour(Now)
reg.SetDWORDValue HKLM, key, "ActiveHoursStart", ( current + 23 ) Mod 24
reg.SetDWORDValue HKLM, key, "ActiveHoursEnd", ( current + 11 ) Mod 24
reg.SetDWORDValue HKLM, key, "SmartActiveHoursState", 2
		</File>
		<File path="C:\Windows\Setup\Scripts\MoveActiveHours.xml">
&lt;Task version="1.2" xmlns="http://schemas.microsoft.com/windows/2004/02/mit/task"&gt;
	&lt;Triggers&gt;
		&lt;BootTrigger&gt;
			&lt;Repetition&gt;
				&lt;Interval&gt;PT4H&lt;/Interval&gt;
				&lt;StopAtDurationEnd&gt;false&lt;/StopAtDurationEnd&gt;
			&lt;/Repetition&gt;
			&lt;Enabled&gt;true&lt;/Enabled&gt;
		&lt;/BootTrigger&gt;
		&lt;RegistrationTrigger&gt;
			&lt;Repetition&gt;
				&lt;Interval&gt;PT4H&lt;/Interval&gt;
				&lt;StopAtDurationEnd&gt;false&lt;/StopAtDurationEnd&gt;
			&lt;/Repetition&gt;
			&lt;Enabled&gt;true&lt;/Enabled&gt;
		&lt;/RegistrationTrigger&gt;
	&lt;/Triggers&gt;
	&lt;Principals&gt;
		&lt;Principal id="Author"&gt;
			&lt;UserId&gt;S-1-5-19&lt;/UserId&gt;
			&lt;RunLevel&gt;LeastPrivilege&lt;/RunLevel&gt;
		&lt;/Principal&gt;
	&lt;/Principals&gt;
	&lt;Settings&gt;
		&lt;MultipleInstancesPolicy&gt;IgnoreNew&lt;/MultipleInstancesPolicy&gt;
		&lt;DisallowStartIfOnBatteries&gt;false&lt;/DisallowStartIfOnBatteries&gt;
		&lt;StopIfGoingOnBatteries&gt;false&lt;/StopIfGoingOnBatteries&gt;
		&lt;AllowHardTerminate&gt;true&lt;/AllowHardTerminate&gt;
		&lt;StartWhenAvailable&gt;false&lt;/StartWhenAvailable&gt;
		&lt;RunOnlyIfNetworkAvailable&gt;false&lt;/RunOnlyIfNetworkAvailable&gt;
		&lt;IdleSettings&gt;
			&lt;StopOnIdleEnd&gt;true&lt;/StopOnIdleEnd&gt;
			&lt;RestartOnIdle&gt;false&lt;/RestartOnIdle&gt;
		&lt;/IdleSettings&gt;
		&lt;AllowStartOnDemand&gt;true&lt;/AllowStartOnDemand&gt;
		&lt;Enabled&gt;true&lt;/Enabled&gt;
		&lt;Hidden&gt;false&lt;/Hidden&gt;
		&lt;RunOnlyIfIdle&gt;false&lt;/RunOnlyIfIdle&gt;
		&lt;WakeToRun&gt;false&lt;/WakeToRun&gt;
		&lt;ExecutionTimeLimit&gt;PT72H&lt;/ExecutionTimeLimit&gt;
		&lt;Priority&gt;7&lt;/Priority&gt;
	&lt;/Settings&gt;
	&lt;Actions Context="Author"&gt;
		&lt;Exec&gt;
			&lt;Command&gt;C:\Windows\System32\wscript.exe&lt;/Command&gt;
			&lt;Arguments&gt;C:\Windows\Setup\Scripts\MoveActiveHours.vbs&lt;/Arguments&gt;
		&lt;/Exec&gt;
	&lt;/Actions&gt;
&lt;/Task&gt;
		</File>
		<File path="C:\Windows\Setup\Scripts\SetStartPins.ps1">
$json = '{"pinnedList":[]}';
if( [System.Environment]::OSVersion.Version.Build -lt 20000 ) {
	return;
}
$key = 'Registry::HKLM\SOFTWARE\Microsoft\PolicyManager\current\device\Start';
New-Item -Path $key -ItemType 'Directory' -ErrorAction 'SilentlyContinue';
Set-ItemProperty -LiteralPath $key -Name 'ConfigureStartPins' -Value $json -Type 'String';
		</File>
		<File path="C:\Users\Default\AppData\Local\Microsoft\Windows\Shell\LayoutModification.xml">
&lt;LayoutModificationTemplate Version="1" xmlns="http://schemas.microsoft.com/Start/2014/LayoutModification"&gt;
	&lt;LayoutOptions StartTileGroupCellWidth="6" /&gt;
	&lt;DefaultLayoutOverride&gt;
		&lt;StartLayoutCollection&gt;
			&lt;StartLayout GroupCellWidth="6" xmlns="http://schemas.microsoft.com/Start/2014/FullDefaultLayout" /&gt;
		&lt;/StartLayoutCollection&gt;
	&lt;/DefaultLayoutOverride&gt;
&lt;/LayoutModificationTemplate&gt;
		</File>
		<File path="C:\Windows\Setup\Scripts\SetColorTheme.ps1">
$lightThemeSystem = 0;
$lightThemeApps = 0;
$accentColorOnStart = 0;
$enableTransparency = 1;
$htmlAccentColor = '#0078D4';
&amp; {
	$params = @{
		LiteralPath = 'Registry::HKCU\Software\Microsoft\Windows\CurrentVersion\Themes\Personalize';
		Force = $true;
		Type = 'DWord';
	};
	Set-ItemProperty @params -Name 'SystemUsesLightTheme' -Value $lightThemeSystem;
	Set-ItemProperty @params -Name 'AppsUseLightTheme' -Value $lightThemeApps;
	Set-ItemProperty @params -Name 'ColorPrevalence' -Value $accentColorOnStart;
	Set-ItemProperty @params -Name 'EnableTransparency' -Value $enableTransparency;
};
&amp; {
	Add-Type -AssemblyName 'System.Drawing';
	$accentColor = [System.Drawing.ColorTranslator]::FromHtml( $htmlAccentColor );

	function ConvertTo-DWord {
		param(
			[System.Drawing.Color]
			$Color
		);
						
		[byte[]] $bytes = @(
			$Color.R;
			$Color.G;
			$Color.B;
			$Color.A;
		);
		return [System.BitConverter]::ToUInt32( $bytes, 0); 
	}

	$startColor = [System.Drawing.Color]::FromArgb( 0xD2, $accentColor );
	Set-ItemProperty -LiteralPath 'Registry::HKCU\Software\Microsoft\Windows\CurrentVersion\Explorer\Accent' -Name 'StartColorMenu' -Value( ConvertTo-DWord -Color $accentColor ) -Type 'DWord' -Force;
	Set-ItemProperty -LiteralPath 'Registry::HKCU\Software\Microsoft\Windows\CurrentVersion\Explorer\Accent' -Name 'AccentColorMenu' -Value( ConvertTo-DWord -Color $accentColor ) -Type 'DWord' -Force;
	Set-ItemProperty -LiteralPath 'Registry::HKCU\Software\Microsoft\Windows\DWM' -Name 'AccentColor' -Value( ConvertTo-DWord -Color $accentColor ) -Type 'DWord' -Force;
	$params = @{
		LiteralPath = 'Registry::HKCU\Software\Microsoft\Windows\CurrentVersion\Explorer\Accent';
		Name = 'AccentPalette';
	};
	$palette = Get-ItemPropertyValue @params;
	$index = 20;
	$palette[ $index++ ] = $accentColor.R;
	$palette[ $index++ ] = $accentColor.G;
	$palette[ $index++ ] = $accentColor.B;
	$palette[ $index++ ] = $accentColor.A;
	Set-ItemProperty @params -Value $palette -Type 'Binary' -Force;
};
		</File>
		<File path="C:\Windows\Setup\Scripts\unattend-01.reg">
Windows Registry Editor Version 5.00

[HKEY_LOCAL_MACHINE\SOFTWARE\Microsoft\Windows\CurrentVersion\Shell Extensions\Blocked]
"{9F156763-7844-4DC4-B2B1-901F640F5155}"=""

[-HKEY_LOCAL_MACHINE\SOFTWARE\Microsoft\Windows\CurrentVersion\Explorer\MyComputer\NameSpace\{0DB7E03F-FC29-4DC6-9020-FF41B59E513A}]

[-HKEY_LOCAL_MACHINE\SOFTWARE\Wow6432Node\Microsoft\Windows\CurrentVersion\Explorer\MyComputer\NameSpace\{0DB7E03F-FC29-4DC6-9020-FF41B59E513A}]

[HKEY_LOCAL_MACHINE\SOFTWARE\Microsoft\Windows\CurrentVersion\Policies\System]
"VerboseStatus"=dword:00000001

[HKEY_LOCAL_MACHINE\SOFTWARE\Policies\Microsoft\Edge]
"DefaultShareAdditionalOSRegionSetting"=dword:00000002


[HKEY_CURRENT_USER\Control Panel\Desktop]
"MenuShowDelay"="100"
		</File>
		<File path="C:\Windows\Setup\Scripts\Specialize.ps1">
$scripts = @(
	{
		reg.exe add "HKLM\SYSTEM\Setup\MoSetup" /v AllowUpgradesWithUnsupportedTPMOrCPU /t REG_DWORD /d 1 /f;
	};
	{
		reg.exe add "HKLM\SOFTWARE\Microsoft\Windows\CurrentVersion\OOBE" /v BypassNRO /t REG_DWORD /d 1 /f;
	};
	{
		Remove-Item -LiteralPath 'Registry::HKLM\Software\Microsoft\WindowsUpdate\Orchestrator\UScheduler_Oobe\DevHomeUpdate' -Force -ErrorAction 'SilentlyContinue';
	};
	{
		Remove-Item -LiteralPath 'C:\Users\Default\AppData\Roaming\Microsoft\Windows\Start Menu\Programs\OneDrive.lnk', 'C:\Windows\System32\OneDriveSetup.exe', 'C:\Windows\SysWOW64\OneDriveSetup.exe' -ErrorAction 'Continue';
	};
	{
		Remove-Item -LiteralPath 'Registry::HKLM\Software\Microsoft\WindowsUpdate\Orchestrator\UScheduler_Oobe\OutlookUpdate' -Force -ErrorAction 'SilentlyContinue';
	};
	{
		reg.exe add "HKLM\SOFTWARE\Microsoft\Windows\CurrentVersion\Communications" /v ConfigureChatAutoInstall /t REG_DWORD /d 0 /f;
	};
	{
		Get-Content -LiteralPath 'C:\Windows\Setup\Scripts\RemovePackages.ps1' -Raw | Invoke-Expression;
	};
	{
		Get-Content -LiteralPath 'C:\Windows\Setup\Scripts\RemoveCapabilities.ps1' -Raw | Invoke-Expression;
	};
	{
		Get-Content -LiteralPath 'C:\Windows\Setup\Scripts\RemoveFeatures.ps1' -Raw | Invoke-Expression;
	};
	{
		net.exe accounts /maxpwage:UNLIMITED;
	};
	{
		reg.exe add "HKLM\SOFTWARE\Microsoft\Windows\CurrentVersion\Policies\System" /v EnableLUA /t REG_DWORD /d 0 /f
	};
	{
		reg.exe add "HKLM\SYSTEM\CurrentControlSet\Control\FileSystem" /v LongPathsEnabled /t REG_DWORD /d 1 /f
	};
	{
		reg.exe add "HKLM\SOFTWARE\Policies\Microsoft\Windows\WindowsUpdate\AU" /v AUOptions /t REG_DWORD /d 4 /f;
		reg.exe add "HKLM\SOFTWARE\Policies\Microsoft\Windows\WindowsUpdate\AU" /v NoAutoRebootWithLoggedOnUsers /t REG_DWORD /d 1 /f;
	};
	{
		Register-ScheduledTask -TaskName 'MoveActiveHours' -Xml $( Get-Content -LiteralPath 'C:\Windows\Setup\Scripts\MoveActiveHours.xml' -Raw );
	};
	{
		reg.exe add "HKLM\SOFTWARE\Policies\Microsoft\Dsh" /v AllowNewsAndInterests /t REG_DWORD /d 0 /f;
	};
	{
		reg.exe add "HKLM\Software\Policies\Microsoft\Windows\CloudContent" /v "DisableWindowsConsumerFeatures" /t REG_DWORD /d 1 /f;
	};
	{
		reg.exe add "HKLM\SYSTEM\CurrentControlSet\Control\BitLocker" /v "PreventDeviceEncryption" /t REG_DWORD /d 1 /f;
	};
	{
		reg.exe add "HKLM\Software\Policies\Microsoft\Edge" /v HideFirstRunExperience /t REG_DWORD /d 1 /f;
	};
	{
		reg.exe add "HKLM\Software\Policies\Microsoft\Edge\Recommended" /v BackgroundModeEnabled /t REG_DWORD /d 0 /f;
		reg.exe add "HKLM\Software\Policies\Microsoft\Edge\Recommended" /v StartupBoostEnabled /t REG_DWORD /d 0 /f;
	};
	{
		Get-Content -LiteralPath 'C:\Windows\Setup\Scripts\SetStartPins.ps1' -Raw | Invoke-Expression;
	};
	{
		reg.exe add "HKU\.DEFAULT\Control Panel\Accessibility\StickyKeys" /v Flags /t REG_SZ /d 10 /f;
	};
);

&amp; {
  [float] $complete = 0;
  [float] $increment = 100 / $scripts.Count;
  foreach( $script in $scripts ) {
    Write-Progress -Activity 'Running scripts to customize your Windows installation. Do not close this window.' -PercentComplete $complete;
    '*** Will now execute command &#xAB;{0}&#xBB;.' -f $(
      $str = $script.ToString().Trim() -replace '\s+', ' ';
      $max = 100;
      if( $str.Length -le $max ) {
        $str;
      } else {
        $str.Substring( 0, $max - 1 ) + '&#x2026;';
      }
    );
    $start = [datetime]::Now;
    &amp; $script;
    '*** Finished executing command after {0:0} ms.' -f [datetime]::Now.Subtract( $start ).TotalMilliseconds;
    "`r`n" * 3;
    $complete += $increment;
  }
} *&gt;&amp;1 &gt;&gt; "C:\Windows\Setup\Scripts\Specialize.log";
		</File>
		<File path="C:\Windows\Setup\Scripts\UserOnce.ps1">
$scripts = @(
	{
		Set-WinHomeLocation -GeoId 113;
	};
	{
		Get-AppxPackage -Name 'Microsoft.Windows.Ai.Copilot.Provider' | Remove-AppxPackage;
	};
	{
		Set-ItemProperty -LiteralPath 'Registry::HKCU\Software\Microsoft\Windows\CurrentVersion\Explorer\Advanced' -Name 'LaunchTo' -Type 'DWord' -Value 1;
	};
	{
		Set-ItemProperty -LiteralPath 'Registry::HKCU\Software\Microsoft\Windows\CurrentVersion\Search' -Name 'SearchboxTaskbarMode' -Type 'DWord' -Value 1;
	};
	{
		New-Item -Path 'Registry::HKEY_CURRENT_USER\Software\Microsoft\Windows\CurrentVersion\Explorer\HideDesktopIcons\ClassicStartMenu' -Force;
		Set-ItemProperty -Path 'Registry::HKEY_CURRENT_USER\Software\Microsoft\Windows\CurrentVersion\Explorer\HideDesktopIcons\ClassicStartMenu' -Name '{5399e694-6ce5-4d6c-8fce-1d8870fdcba0}' -Value 1 -Type 'DWord';
		Set-ItemProperty -Path 'Registry::HKEY_CURRENT_USER\Software\Microsoft\Windows\CurrentVersion\Explorer\HideDesktopIcons\ClassicStartMenu' -Name '{b4bfcc3a-db2c-424c-b029-7fe99a87c641}' -Value 1 -Type 'DWord';
		Set-ItemProperty -Path 'Registry::HKEY_CURRENT_USER\Software\Microsoft\Windows\CurrentVersion\Explorer\HideDesktopIcons\ClassicStartMenu' -Name '{a8cdff1c-4878-43be-b5fd-f8091c1c60d0}' -Value 1 -Type 'DWord';
		Set-ItemProperty -Path 'Registry::HKEY_CURRENT_USER\Software\Microsoft\Windows\CurrentVersion\Explorer\HideDesktopIcons\ClassicStartMenu' -Name '{374de290-123f-4565-9164-39c4925e467b}' -Value 1 -Type 'DWord';
		Set-ItemProperty -Path 'Registry::HKEY_CURRENT_USER\Software\Microsoft\Windows\CurrentVersion\Explorer\HideDesktopIcons\ClassicStartMenu' -Name '{e88865ea-0e1c-4e20-9aa6-edcd0212c87c}' -Value 1 -Type 'DWord';
		Set-ItemProperty -Path 'Registry::HKEY_CURRENT_USER\Software\Microsoft\Windows\CurrentVersion\Explorer\HideDesktopIcons\ClassicStartMenu' -Name '{f874310e-b6b7-47dc-bc84-b9e6b38f5903}' -Value 1 -Type 'DWord';
		Set-ItemProperty -Path 'Registry::HKEY_CURRENT_USER\Software\Microsoft\Windows\CurrentVersion\Explorer\HideDesktopIcons\ClassicStartMenu' -Name '{1cf1260c-4dd0-4ebb-811f-33c572699fde}' -Value 1 -Type 'DWord';
		Set-ItemProperty -Path 'Registry::HKEY_CURRENT_USER\Software\Microsoft\Windows\CurrentVersion\Explorer\HideDesktopIcons\ClassicStartMenu' -Name '{f02c1a0d-be21-4350-88b0-7367fc96ef3c}' -Value 1 -Type 'DWord';
		Set-ItemProperty -Path 'Registry::HKEY_CURRENT_USER\Software\Microsoft\Windows\CurrentVersion\Explorer\HideDesktopIcons\ClassicStartMenu' -Name '{3add1653-eb32-4cb0-bbd7-dfa0abb5acca}' -Value 1 -Type 'DWord';
		Set-ItemProperty -Path 'Registry::HKEY_CURRENT_USER\Software\Microsoft\Windows\CurrentVersion\Explorer\HideDesktopIcons\ClassicStartMenu' -Name '{645ff040-5081-101b-9f08-00aa002f954e}' -Value 1 -Type 'DWord';
		Set-ItemProperty -Path 'Registry::HKEY_CURRENT_USER\Software\Microsoft\Windows\CurrentVersion\Explorer\HideDesktopIcons\ClassicStartMenu' -Name '{20d04fe0-3aea-1069-a2d8-08002b30309d}' -Value 1 -Type 'DWord';
		Set-ItemProperty -Path 'Registry::HKEY_CURRENT_USER\Software\Microsoft\Windows\CurrentVersion\Explorer\HideDesktopIcons\ClassicStartMenu' -Name '{59031a47-3f72-44a7-89c5-5595fe6b30ee}' -Value 1 -Type 'DWord';
		Set-ItemProperty -Path 'Registry::HKEY_CURRENT_USER\Software\Microsoft\Windows\CurrentVersion\Explorer\HideDesktopIcons\ClassicStartMenu' -Name '{a0953c92-50dc-43bf-be83-3742fed03c9c}' -Value 1 -Type 'DWord';
		New-Item -Path 'Registry::HKEY_CURRENT_USER\Software\Microsoft\Windows\CurrentVersion\Explorer\HideDesktopIcons\NewStartPanel' -Force;
		Set-ItemProperty -Path 'Registry::HKEY_CURRENT_USER\Software\Microsoft\Windows\CurrentVersion\Explorer\HideDesktopIcons\NewStartPanel' -Name '{5399e694-6ce5-4d6c-8fce-1d8870fdcba0}' -Value 1 -Type 'DWord';
		Set-ItemProperty -Path 'Registry::HKEY_CURRENT_USER\Software\Microsoft\Windows\CurrentVersion\Explorer\HideDesktopIcons\NewStartPanel' -Name '{b4bfcc3a-db2c-424c-b029-7fe99a87c641}' -Value 1 -Type 'DWord';
		Set-ItemProperty -Path 'Registry::HKEY_CURRENT_USER\Software\Microsoft\Windows\CurrentVersion\Explorer\HideDesktopIcons\NewStartPanel' -Name '{a8cdff1c-4878-43be-b5fd-f8091c1c60d0}' -Value 1 -Type 'DWord';
		Set-ItemProperty -Path 'Registry::HKEY_CURRENT_USER\Software\Microsoft\Windows\CurrentVersion\Explorer\HideDesktopIcons\NewStartPanel' -Name '{374de290-123f-4565-9164-39c4925e467b}' -Value 1 -Type 'DWord';
		Set-ItemProperty -Path 'Registry::HKEY_CURRENT_USER\Software\Microsoft\Windows\CurrentVersion\Explorer\HideDesktopIcons\NewStartPanel' -Name '{e88865ea-0e1c-4e20-9aa6-edcd0212c87c}' -Value 1 -Type 'DWord';
		Set-ItemProperty -Path 'Registry::HKEY_CURRENT_USER\Software\Microsoft\Windows\CurrentVersion\Explorer\HideDesktopIcons\NewStartPanel' -Name '{f874310e-b6b7-47dc-bc84-b9e6b38f5903}' -Value 1 -Type 'DWord';
		Set-ItemProperty -Path 'Registry::HKEY_CURRENT_USER\Software\Microsoft\Windows\CurrentVersion\Explorer\HideDesktopIcons\NewStartPanel' -Name '{1cf1260c-4dd0-4ebb-811f-33c572699fde}' -Value 1 -Type 'DWord';
		Set-ItemProperty -Path 'Registry::HKEY_CURRENT_USER\Software\Microsoft\Windows\CurrentVersion\Explorer\HideDesktopIcons\NewStartPanel' -Name '{f02c1a0d-be21-4350-88b0-7367fc96ef3c}' -Value 1 -Type 'DWord';
		Set-ItemProperty -Path 'Registry::HKEY_CURRENT_USER\Software\Microsoft\Windows\CurrentVersion\Explorer\HideDesktopIcons\NewStartPanel' -Name '{3add1653-eb32-4cb0-bbd7-dfa0abb5acca}' -Value 1 -Type 'DWord';
		Set-ItemProperty -Path 'Registry::HKEY_CURRENT_USER\Software\Microsoft\Windows\CurrentVersion\Explorer\HideDesktopIcons\NewStartPanel' -Name '{645ff040-5081-101b-9f08-00aa002f954e}' -Value 1 -Type 'DWord';
		Set-ItemProperty -Path 'Registry::HKEY_CURRENT_USER\Software\Microsoft\Windows\CurrentVersion\Explorer\HideDesktopIcons\NewStartPanel' -Name '{20d04fe0-3aea-1069-a2d8-08002b30309d}' -Value 1 -Type 'DWord';
		Set-ItemProperty -Path 'Registry::HKEY_CURRENT_USER\Software\Microsoft\Windows\CurrentVersion\Explorer\HideDesktopIcons\NewStartPanel' -Name '{59031a47-3f72-44a7-89c5-5595fe6b30ee}' -Value 1 -Type 'DWord';
		Set-ItemProperty -Path 'Registry::HKEY_CURRENT_USER\Software\Microsoft\Windows\CurrentVersion\Explorer\HideDesktopIcons\NewStartPanel' -Name '{a0953c92-50dc-43bf-be83-3742fed03c9c}' -Value 1 -Type 'DWord';
	};
	{
		Set-ItemProperty -Path 'Registry::HKEY_CURRENT_USER\Software\Microsoft\Windows\CurrentVersion\Start' -Name 'VisiblePlaces' -Value $( [convert]::FromBase64String('SrC9dEr5aE+L1kOYBx2ovIYIc1KqUUNCn3sndlhGWdQ=') ) -Type 'Binary';
	};
	{
		Get-Content -LiteralPath 'C:\Windows\Setup\Scripts\SetColorTheme.ps1' -Raw | Invoke-Expression;
	};
	{
		Get-Process -Name 'explorer' -ErrorAction 'SilentlyContinue' | Where-Object -FilterScript {
			$_.SessionId -eq ( Get-Process -Id $PID ).SessionId;
		} | Stop-Process -Force;
	};
);

&amp; {
  [float] $complete = 0;
  [float] $increment = 100 / $scripts.Count;
  foreach( $script in $scripts ) {
    Write-Progress -Activity 'Running scripts to configure this user account. Do not close this window.' -PercentComplete $complete;
    '*** Will now execute command &#xAB;{0}&#xBB;.' -f $(
      $str = $script.ToString().Trim() -replace '\s+', ' ';
      $max = 100;
      if( $str.Length -le $max ) {
        $str;
      } else {
        $str.Substring( 0, $max - 1 ) + '&#x2026;';
      }
    );
    $start = [datetime]::Now;
    &amp; $script;
    '*** Finished executing command after {0:0} ms.' -f [datetime]::Now.Subtract( $start ).TotalMilliseconds;
    "`r`n" * 3;
    $complete += $increment;
  }
} *&gt;&amp;1 &gt;&gt; "$env:TEMP\UserOnce.log";
		</File>
		<File path="C:\Windows\Setup\Scripts\DefaultUser.ps1">
$scripts = @(
	{
		reg.exe add "HKU\DefaultUser\Software\Policies\Microsoft\Windows\WindowsCopilot" /v TurnOffWindowsCopilot /t REG_DWORD /d 1 /f;
	};
	{
		Remove-ItemProperty -LiteralPath 'Registry::HKU\DefaultUser\Software\Microsoft\Windows\CurrentVersion\Run' -Name 'OneDriveSetup' -Force -ErrorAction 'Continue';
	};
	{
		reg.exe add "HKU\DefaultUser\Software\Microsoft\Windows\CurrentVersion\GameDVR" /v AppCaptureEnabled /t REG_DWORD /d 0 /f;
	};
	{
		reg.exe add "HKU\DefaultUser\Software\Microsoft\Windows\CurrentVersion\Explorer\Advanced" /v ShowTaskViewButton /t REG_DWORD /d 0 /f;
	};
	{
		$names = @(
		  'ContentDeliveryAllowed';
		  'FeatureManagementEnabled';
		  'OEMPreInstalledAppsEnabled';
		  'PreInstalledAppsEnabled';
		  'PreInstalledAppsEverEnabled';
		  'SilentInstalledAppsEnabled';
		  'SoftLandingEnabled';
		  'SubscribedContentEnabled';
		  'SubscribedContent-310093Enabled';
		  'SubscribedContent-338387Enabled';
		  'SubscribedContent-338388Enabled';
		  'SubscribedContent-338389Enabled';
		  'SubscribedContent-338393Enabled';
		  'SubscribedContent-353694Enabled';
		  'SubscribedContent-353696Enabled';
		  'SubscribedContent-353698Enabled';
		  'SystemPaneSuggestionsEnabled';
		);
		
		foreach( $name in $names ) {
		  reg.exe add "HKU\DefaultUser\Software\Microsoft\Windows\CurrentVersion\ContentDeliveryManager" /v $name /t REG_DWORD /d 0 /f;
		}
	};
	{
		reg.exe add "HKU\DefaultUser\Software\Policies\Microsoft\Windows\Explorer" /v DisableSearchBoxSuggestions /t REG_DWORD /d 1 /f;
	};
	{
		reg.exe add "HKU\DefaultUser\Software\Microsoft\Windows\CurrentVersion\Explorer\Advanced\TaskbarDeveloperSettings" /v TaskbarEndTask /t REG_DWORD /d 1 /f;
	};
	{
		reg.exe add "HKU\DefaultUser\Control Panel\Accessibility\StickyKeys" /v Flags /t REG_SZ /d 10 /f;
	};
	{
		reg.exe add "HKU\DefaultUser\Software\Microsoft\Windows\DWM" /v ColorPrevalence /t REG_DWORD /d 0 /f;
	};
	{
		reg.exe add "HKU\DefaultUser\Software\Microsoft\Windows\CurrentVersion\RunOnce" /v "UnattendedSetup" /t REG_SZ /d "powershell.exe -WindowStyle Hidden -NoProfile -Command \""Get-Content -LiteralPath 'C:\Windows\Setup\Scripts\UserOnce.ps1' -Raw | Invoke-Expression;\""" /f;
	};
);

&amp; {
  [float] $complete = 0;
  [float] $increment = 100 / $scripts.Count;
  foreach( $script in $scripts ) {
    Write-Progress -Activity 'Running scripts to modify the default user&#x2019;&#x2019;s registry hive. Do not close this window.' -PercentComplete $complete;
    '*** Will now execute command &#xAB;{0}&#xBB;.' -f $(
      $str = $script.ToString().Trim() -replace '\s+', ' ';
      $max = 100;
      if( $str.Length -le $max ) {
        $str;
      } else {
        $str.Substring( 0, $max - 1 ) + '&#x2026;';
      }
    );
    $start = [datetime]::Now;
    &amp; $script;
    '*** Finished executing command after {0:0} ms.' -f [datetime]::Now.Subtract( $start ).TotalMilliseconds;
    "`r`n" * 3;
    $complete += $increment;
  }
} *&gt;&amp;1 &gt;&gt; "C:\Windows\Setup\Scripts\DefaultUser.log";
		</File>
		<File path="C:\Windows\Setup\Scripts\FirstLogon.ps1">
$scripts = @(
	{
		cmd.exe /c "rmdir C:\Windows.old";
	};
	{
		reg.exe import "C:\Windows\Setup\Scripts\unattend-01.reg";
	};
);

&amp; {
  [float] $complete = 0;
  [float] $increment = 100 / $scripts.Count;
  foreach( $script in $scripts ) {
    Write-Progress -Activity 'Running scripts to finalize your Windows installation. Do not close this window.' -PercentComplete $complete;
    '*** Will now execute command &#xAB;{0}&#xBB;.' -f $(
      $str = $script.ToString().Trim() -replace '\s+', ' ';
      $max = 100;
      if( $str.Length -le $max ) {
        $str;
      } else {
        $str.Substring( 0, $max - 1 ) + '&#x2026;';
      }
    );
    $start = [datetime]::Now;
    &amp; $script;
    '*** Finished executing command after {0:0} ms.' -f [datetime]::Now.Subtract( $start ).TotalMilliseconds;
    "`r`n" * 3;
    $complete += $increment;
  }
} *&gt;&amp;1 &gt;&gt; "C:\Windows\Setup\Scripts\FirstLogon.log";
		</File>
	</Extensions>
</unattend>