{"changeChapterColor":true,"colorPalette":{"red":"#780303","white":"#ffffff","locked":"#ffc83d"},"categoryPillUpdate":true,"skipNoticeDuration":"2","chapterCategoryAdded":true,"invidiousInstances":["www.youtubekids.com","anontube.lvkaszus.pl","inv.citw.lgbt","inv.in.projectsegfau.lt","inv.tux.pizza","inv.zzls.xyz","invidious.asir.dev","invidious.drgns.space","invidious.fdn.fr","invidious.flokinet.to","invidious.io.lol","invidious.lunar.icu","invidious.nerdvpn.de","invidious.no-logs.com","invidious.perennialte.ch","invidious.privacydev.net","invidious.private.coffee","invidious.projectsegfau.lt","invidious.protokolla.fi","invidious.slipfox.xyz","iv.datura.network","iv.ggtyler.dev","iv.melmac.space","iv.nboeck.de","onion.tube","vid.priv.au","vid.puffyan.us","yewtu.be","yt.artemislena.eu","yt.cdaut.de","yt.drgnz.club","yt.oelrichsgarcia.de","invidious.snopyta.org"],"autoSkipOnMusicVideosUpdate":true,"userID":"REA8yF8wJQ9MqYE2tOkcTWE0LDFE0ST9IAlX","isVip":false,"unsubmittedSegments":{},"defaultCategory":"chooseACategory","renderSegmentsAsChapters":false,"whitelistedChannels":[],"forceChannelCheck":false,"minutesSaved":0,"skipCount":0,"sponsorTimesContributed":0,"submissionCountSinceCategories":0,"showTimeWithSkips":true,"disableSkipping":false,"muteSegments":true,"fullVideoSegments":true,"fullVideoLabelsOnThumbnails":true,"manualSkipOnFullVideo":false,"trackViewCount":false,"trackViewCountInPrivate":true,"trackDownvotes":false,"dontShowNotice":false,"noticeVisibilityMode":3,"hideVideoPlayerControls":false,"hideInfoButtonPlayerControls":false,"hideDeleteButtonPlayerControls":false,"hideUploadButtonPlayerControls":false,"hideSkipButtonPlayerControls":false,"hideDiscordLaunches":0,"hideDiscordLink":false,"supportInvidious":false,"serverAddress":"https://sponsor.ajay.app","minDuration":0,"categorySelections":[{"name":"sponsor","option":2},{"name":"poi_highlight","option":0},{"name":"exclusive_access","option":0},{"name":"chapter","option":0},{"name":"selfpromo","option":2},{"name":"interaction","option":2},{"name":"intro","option":2},{"name":"outro","option":2},{"name":"preview","option":2},{"name":"filler","option":1},{"name":"music_offtopic","option":2},{"name":"hook","option":2}],"audioNotificationOnSkip":false,"checkForUnlistedVideos":false,"testingServer":false,"refetchWhenNotFound":true,"ytInfoPermissionGranted":false,"allowExpirements":true,"showDonationLink":true,"showPopupDonationCount":0,"showUpsells":true,"showNewFeaturePopups":true,"donateClicked":0,"autoHideInfoButton":true,"autoSkipOnMusicVideos":false,"scrollToEditTimeUpdate":false,"showChapterInfoMessage":true,"darkMode":true,"showCategoryGuidelines":true,"showCategoryWithoutPermission":false,"showSegmentNameInChapterBar":true,"useVirtualTime":true,"showSegmentFailedToFetchWarning":true,"allowScrollingToEdit":true,"deArrowInstalled":false,"showDeArrowPromotion":true,"showDeArrowInSettings":true,"shownDeArrowPromotion":false,"showZoomToFillError2":true,"cleanPopup":false,"categoryPillColors":{},"skipKeybind":{"key":"Enter"},"skipToHighlightKeybind":{"key":"Enter","ctrl":true},"startSponsorKeybind":{"key":";"},"submitKeybind":{"key":"'"},"nextChapterKeybind":{"key":"ArrowRight","ctrl":true},"previousChapterKeybind":{"key":"ArrowLeft","ctrl":true},"barTypes":{"preview-chooseACategory":{"color":"#ffffff","opacity":"0.7"},"sponsor":{"color":"#00d400","opacity":"0.7"},"preview-sponsor":{"color":"#007800","opacity":"0.7"},"selfpromo":{"color":"#ffff00","opacity":"0.7"},"preview-selfpromo":{"color":"#bfbf35","opacity":"0.7"},"exclusive_access":{"color":"#008a5c","opacity":"0.7"},"interaction":{"color":"#cc00ff","opacity":"0.7"},"preview-interaction":{"color":"#6c0087","opacity":"0.7"},"intro":{"color":"#00ffff","opacity":"0.7"},"preview-intro":{"color":"#008080","opacity":"0.7"},"outro":{"color":"#0202ed","opacity":"0.7"},"preview-outro":{"color":"#000070","opacity":"0.7"},"preview":{"color":"#008fd6","opacity":"0.7"},"preview-preview":{"color":"#005799","opacity":"0.7"},"music_offtopic":{"color":"#ff9900","opacity":"0.7"},"preview-music_offtopic":{"color":"#a6634a","opacity":"0.7"},"poi_highlight":{"color":"#ff1684","opacity":"0.7"},"preview-poi_highlight":{"color":"#9b044c","opacity":"0.7"},"filler":{"color":"#7300FF","opacity":"0.9"},"preview-filler":{"color":"#2E0066","opacity":"0.7"},"hook":{"color":"#395699","opacity":"0.8"},"preview-hook":{"color":"#273963","opacity":"0.7"},"chapter":{"color":"#ffd983","opacity":"0"}},"payments":{"licenseKey":null,"lastCheck":0,"lastFreeCheck":0,"freeAccess":false,"chaptersAllowed":false},"permissions":{"sponsor":true,"selfpromo":true,"exclusive_access":true,"interaction":true,"intro":true,"outro":true,"preview":true,"hook":true,"music_offtopic":true,"filler":true,"poi_highlight":true,"chapter":true},"trackDownvotesInPrivate":false,"showUpcomingNotice":false,"skipNonMusicOnlyOnYoutubeMusic":false,"hookUpdate":false,"showAutogeneratedChapters":true,"hideSegmentCreationInPopup":false,"actuallySubmitKeybind":{"key":"'","ctrl":true},"previewKeybind":{"key":";","ctrl":true},"closeSkipNoticeKeybind":{"key":"Backspace"},"downvoteKeybind":{"key":"h","shift":true},"upvoteKeybind":{"key":"g","shift":true}}